archivo,titulo,venue,año
ACM001.pdf,Assessing the Impact of Feedback on Student Learning Using e2Logos: A Novel Grading Tool for Online Student Reports,Proceedings of the 2023 Conference on Innovation and Technology in Computer Science Education V. 2 (ITiCSE 2023),2023
ACM002.pdf,Learning HCI from a Virtual Flipped Classroom: improving the students’ experience in times of COVID-19,XX Brazilian Symposium on Human Factors in Computing Systems (IHC'21),2021
ACM003.pdf,Teaching the Design and Development of a Modern Information Retrieval (IR) System,Consortium for Computing Sciences in Colleges,2022
ACM006.pdf,Teaching HCI with a Studio Approach: Lessons Learnt,22nd Pan-Hellenic Conference on Informatics conference (PCI’18),2018
ACM008.pdf,Employing Virtual Worlds for HCI Education: A Problem-Based Learning Approach,CHI 2012,2012
ACM009.pdf,Team Projects in Distance Education: a Case in HCI Design,ITiCSE 2000,2000
ACM012.pdf,Empowering formative assessment using embedded Web Widgets in Wikis,WikiSym’13,2013
ACM016.pdf,PICTIOL: A case study in participatory design,OZCHI 2006,2025
ERIC016.pdf,PROCEEDINGS OF THE INTERNATIONAL CONFERENCES on E-SOCIETY 2024 AND MOBILE LEARNING 2024,INTERNATIONAL CONFERENCES on E-SOCIETY 2024 AND MOBILE LEARNING 2024,2024
ERIC018.pdf,"PROCEEDINGS OF THE INTERNATIONAL CONFERENCES ON EDUCATIONAL TECHNOLOGIES (ICEduTech 2014) AND SUSTAINABILITY, TECHNOLOGY AND EDUCATION 2014 (STE 2014)","International Conferences on Educational Technologies (ICEduTech 2014) AND Sustainability, Technology and Education 2014 (STE 2014)",2014
ERIC025.pdf,Hypermedia without Programming: Automatic Generation of Presentation Documents for Case-based Instruction.,National Educational Computing Conference,2012
IEEE002.pdf,An Exploratory Study of Problem-Based Learning in Virtual Worlds,2011 Third International Conference on Games and Virtual Worlds for Serious Applications,2011
IEEE003.pdf,APIT: Evidences Of Aligning Project Based Learning With Various Instructional Strategies For Enhancing Knowledge In Automobile Engineering,2016 International Conference on Learning and Teaching in Computing and Engineering,2016
IEEE004.pdf,Cost-effective hand gesture computer control interface,7th IEEE International Conference on Cognitive Infocommunications (CogInfoCom 2016),2016
IEEE005 - Developing technical talents as future engineers through humanoid robot as a learning tool in a participative approach.pdf,Developing technical talents as future engineers through humanoid robot as a learning tool in a participative approach,World Engineering Education Forum - Global Engineering Deans Council (WEEF-GEDC),2022
IEEE006.pdf,Development of Interactive Multimedia Courseware Using Problem Based Learning for Mathematics Form 4 (PBL MathS-Set),IEEE Conference Proceedings,2008
IEEE007 - Engineering Education and the Use of Virtual Reality Idea and Possibility.pdf,Engineering Education and the Use of Virtual Reality: Idea and Possibility,2023 2nd Edition of IEEE Delhi Section Flagship Conference (DELCON),2023
IEEE008 - Investigating Students- Experience with Peer Assessment in Two Computer Science Courses - A Longitudinal Study.pdf,Investigating Students’ Experience with Peer Assessment in Two Computer Science Courses - A Longitudinal Study,"2023 27th International Conference on System Theory, Control and Computing (ICSTCC)",2023
IEEE009.pdf,Software Engineering Interactive e-Learning Mathematical Tool,Proceedings of the ITI 2007 29th Int. Conf. on Information Technology Interfaces,2007
IEEE013 - Towards Integrating Physiological Data in UI-UX Design Learning and Engineering Education.pdf,Towards Integrating Physiological Data in UI/UX Design Learning and Engineering Education,Tenth International Conference on Communications and Electronics (ICCE),2024
IEEE014 - A Case Study in Class User Interface Design of Problem-Based Learning Modeling -UIDPBL-.pdf,A Case Study in Class User Interface Design of Problem-Based Learning Modeling (UIDPBL),"The 6th International Conference on Digital Arts, Media and Technology (DAMT) and 4th ECTI Northern Section Conference on Electrical, Electronics, Computer and Telecommunications Engineering (NCON)",2021
IEEE015.pdf,Alcomputerized of Assessment Technique in Problem-based Learning (PBL) for Teaching Human Computer Interaction (HCI): Case Study on User Interface Design,2009 International Conference on Information and Multimedia Technology,2009
IEEE016.pdf,Assessing Student Engagement in Localizing NASA's Eyes on the Earth Application in a HCI Course,IEEE,2019
IEEE017 - Evaluating Student Project in a Human-Computer Interaction Course Collaborative Learning Behavior and Performance Perspectives.pdf,Evaluating Student Project in a Human-Computer Interaction Course: Collaborative Learning Behavior and Performance Perspectives,2017 7th World Engineering Education Forum (WEEF),2017
IEEE019.pdf,Using Project-Based Learning and Collaborative Learning in Software Engineering Talent Cultivation,2011 International Joint Conference of IEEE TrustCom-11/IEEE ICESS-11/FCST-11,2011
IEEE025.pdf,A Web-based Application for the Management and Evaluation of Tutoring Requests in PBL-based Massive Laboratories,IEEE,2014
IEEE026.pdf,A PBL Approach to Process Management Applied to Software Engineering Education,IEEE Conference Proceedings,2013
IEEE027.pdf,PBLMaestro: A Virtual Learning Environment for the Implementation of Problem-Based Learning Approach in Computer Education,IEEE Conference Proceedings,2016
IEEE028.pdf,Dual-Track Agile in Software Engineering Education,2019 IEEE/ACM 41st International Conference on Software Engineering: Software Engineering Education and Training (ICSE-SEET),2019
IEEE029.pdf,ICT + PBL = Holistic Learning solution:UTeM’s Experience,IEEE Conference Proceedings,2011
IEEE030 - PBLMaestro A virtual learning environment for the implementation of problem-based learning approach in Computer education.pdf,PBLMaestro: A Virtual Learning Environment for the Implementation of Problem-Based Learning Approach in Computer Education,IEEE Frontiers in Education Conference (FIE),2016
IEEE031.pdf,PBL-Tutor Canvas: a Tool based on Backward Design to Plan PBL in Computing Education,IEEE Conference Proceedings,2016
IEEE032.pdf,Systemic Design Thinking in Urban Farming I-STEM Teaching and Learning Module,The 2nd SEA-STEM International Conference 2021,2021
IEEE033 - The Development of a 2D Game to Improve Programming Skills for Higher Vocational Students..pdf,The Development of a 2D Game to Improve Programming Skills for Higher Vocational Students,10th International STEM Education Conference (iSTEM-Ed),2025
IEEE034.pdf,Towards A Practical Approach to Improve the Interdisciplinary Teaching and Learning Process through M-learning Innovative Projects,IEEE,2019
IEEE035.pdf,WIP: Implementing Project Based Learning: Some Challenges from a Requirements Engineering Perspective,IEEE Conference,2018
IEEE037.pdf,Perimeter Monitoring System Using ZigBee as Result of Using PBL in the Electronic Instrumentation Course,Congresso Brasileiro de Educação em Engenharia (Cobenge),2016
SCP022.pdf,Welcome Note and Preface of the 15th International Conference on Intelligent Human Computer Interaction (IHCI 2023),International Conference on Intelligent Human-Computer Interaction (IHCI),2023
SCP023.pdf,The 15th International Conference on Intelligent Human Computer Interaction (IHCI 2023),IHCI 2023,2023
SCP027.pdf,EduCHI 2023: 5th Annual Symposium on HCI Education,CHI Conference on Human Factors in Computing Systems,2023
SCP042.pdf,Game Development as Speculative Design: Teaching Data Science Ethics Using Decentralized Research Groups,85th Annual Meeting of the Association for Information Science & Technology,2022
SCP045.pdf,Understanding SSRL Strategies and Its Impact on Group Performance in a CSCL Environment: A Case Study from a Project-Based Learning Course in India,CSCL2022 Proceedings,2022
SCP046.pdf,Proposal of a User Interface Design Guideline based on Analysis of the Causes of Usability Defects reported in a project-based Software Engineering Course,Proceedings of 6th Software Engineering Education Workshop (SEED 2022) co-located with APSEC 2022,2022
SCP047.pdf,Understanding SSRL Strategies and Its Impact on Group Performance in a CSCL Environment: A Case Study from a Project-Based Learning Course in India,CSCL2022 Proceedings,2022
SCP056.pdf,A Case Study in Class User Interface Design of Problem-Based Learning Modeling (UIDPBL),"The 6th International Conference on Digital Arts, Media and Technology (DAMT) and 4th ECTI Northern Section Conference on Electrical, Electronics, Computer and Telecommunications Engineering (NCON)",2021
SCP058.pdf,Merging 360°-videos and Game-Based Virtual Environments for Phlebotomy Training: Teachers and Students View,The 9th IEEE International Conference on E-Health and Bioengineering - EHB 2021,2021
SCP060.pdf,Combining Two Inspection Methods: Usability Heuristic Evaluation and WCAG Guidelines to Assess e-Commerce Websites,"7th Iberoamerican Workshop, HCI-COLLAB 2021",2021
SCP063.pdf,Analyzing the Validity of the Peer Assessment Process in a Project-Based Learning Scenario: Preliminary Results,"2020 24th International Conference on System Theory, Control and Computing (ICSTCC)",2020
SCP064.pdf,Design Space and Usability of Earable Prototyping,International Symposium on Wearable Computers (ISWC’20),2020
SCP065.pdf,Scrum Based Framework for Teaching Software Engineering for Game Development,"2nd International Conference on Video, Signal and Image Processing (VSIP’20)",2020
SCP067.pdf,Designing with socio-technical aspects in mind starts with University courses: an experience within an HCI course,Proccedings of 6th International Workshop on Socio-Technical Perspective in IS Development (STPIS’20),2020
SCP068.pdf,Co-design of Augmented Reality Storybooks for Children with Autism Spectrum Disorder,HCI International 2020,2020
SCP069.pdf,"Learning and Collaboration Technologies: Designing, Developing and Deploying Learning Experiences","7th International Conference, LCT 2020",2023
SCP070.pdf,"Virtual, Augmented and Mixed Reality: Industrial and Everyday Life Applications","12th International Conference on Virtual, Augmented and Mixed Reality (VAMR 2020)",2020
SCP072.pdf,"Virtual, Augmented and Mixed Reality Design and Interaction 12th International Conference, VAMR 2020 Held as Part of the 22nd HCI International Conference, HCII 2020 Copenhagen, Denmark, July 19–24, 2020, Proceedings, Part I",Lecture Notes in Computer Science,2020
SCP073.pdf,Learning and Collaboration Technologies: Human and Technology Ecosystems,7th International Conference on Learning and Collaboration Technologies (LCT 2020),2024
SCP074.pdf,Applying a UCD Framework for ATM Interfaces on the Design of QR Withdrawal: A Case Study,"9th International Conference on Design, User Experience, and Usability (DUXU 2020)",2020
SCP076.pdf,"Smart Learning Analytics: Student Academic Performance Data Representation, Processing and Prediction",Smart Education and e-Learning 2020,2020
SCP079.pdf,Project-Based Methodology to Lecture on Web Frameworks Applied to the Management of Health-Related Data,CISIS2019/ICEUTE2019,2019
SCP080.pdf,Towards A Practical Approach to Improve the Interdisciplinary Teaching and Learning Process through M-learning Innovative Projects,IEEE,2019
SCP081.pdf,An educational experience with PBL in capstone projects: The case of EOLO a Colombian electric vehicle with sustainable energy systems,IEEE International Electric Vehicle Conference,2019
SCP083.pdf,How Guiding Questions Facilitate Feedback Exchange in Project-Based Learning,CHI Conference on Human Factors in Computing Systems Proceedings (CHI 2019),2019
SCP084.pdf,Assessing Student Engagement in Localizing NASA's Eyes on the Earth Application in a HCI Course,IEEE Conference Proceedings,2019
SCP085.pdf,Dual-Track Agile in Software Engineering Education,2019 IEEE/ACM 41st International Conference on Software Engineering: Software Engineering Education and Training (ICSE-SEET),2019
SCP087.pdf,Human-Robot-Collaboration (HRC): Social Robots as Teaching Assistants for Training Activities in Small Groups,IEEE,2019
SCP088.pdf,"Interactive Storytelling: 12th International Conference on Interactive Digital Storytelling, ICIDS 2019",International Conference on Interactive Digital Storytelling (ICIDS),2019
SCP089.pdf,Design Considerations for Developing a Mobile Storytelling Game Application,HCI International 2019 – Late Breaking Posters,2019
SCP091.pdf,ON THE WAY: DEVELOPING AN APP FOR DELIVERY MEDIATION WITHIN THE SHARING ECONOMY CONCEPT,International Conference on Interfaces and Human Computer Interaction,2019
SCP093.pdf,Learning and Collaboration Technologies: Designing Learning Experiences,6th International Conference on Learning and Collaboration Technologies (LCT),2020
SCP094.pdf,The Neuroeducational Principles of the SEE BEYOND Method Applied on the Materialization of a Fashion Collection Designed by Visually Impaired Fashion Designers,HCII 2019,2019
SCP097.pdf,Teaching HCI with a Studio Approach: Lessons Learnt,22nd Pan-Hellenic Conference on Informatics conference (PCI’18),2018
SCP099.pdf,Evaluating Student Project in a Human-Computer Interaction Course: Collaborative Learning Behavior and Performance Perspectives,7th World Engineering Education Forum (WEEF),2017
SCP100.pdf,WIP: Implementing Project Based Learning: Some Challenges from a Requirements Engineering Perspective,unknown,2018
SCP104.pdf,"Making Games, Making Literacy: A Case-Study in Formal Educational Contexts",ECGBL 2018 Proceedings,2014
SCP108.pdf,Learning Technology for Education Challenges - LTEC 2018,Communications in Computer and Information Science,2018
SCP112.pdf,Online Opinion Leaders and Their Influence On Purchase Intentions,IC3e,2016
SCP114.pdf,Speed control of Festo Robotino mobile robot using NeuroSky MindWave EEG headset based Brain-Computer Interface,7th IEEE International Conference on Cognitive Infocommunications (CogInfoCom),2016
SCP115.pdf,Cost-effective hand gesture computer control interface,7th IEEE International Conference on Cognitive Infocommunications (CogInfoCom 2016),2016
SCP116.pdf,"Assessing the Implementation of Authentic, Client-Facing Student Projects in User Experience (UX) Education: Insights from Multiple Stakeholders",Annual Meeting of the Association for Information Science & Technology,2017
SCP117.pdf,Shelves: A User-Defined Block Management Tool for Visual Programming Languages,INTERACT,2017
SCP119.pdf,Purposive Game Production in Educational Setup: Investigating Team Collaboration in Virtual Reality,HCIIPosters,2017
SCP120.pdf,Using Prototyping in Authentic Learning of Human-Centred Design of Mobile Apps,DUXU,2017
SCP122.pdf,A Study on the Usability of Multimedia E-Books with Problem-Based Learning (PBL) Model in Junior High School Students’ English Classes,"SETE 2016, LNCS",2017
SCP123.pdf,First Announcement and Call for Papers,19th International Conference on Interactive Collaborative Learning (ICL2016),2023
SCP124.pdf,Project Oriented Approach in Educational Robotics: From Robotic Competition to Practical Appliance,"Robotics in Education, Advances in Intelligent Systems and Computing",2016
SCP127.pdf,PBL-Tutor Canvas: a Tool based on Backward Design to Plan PBL in Computing Education,unknown,2016
SCP129.pdf,APIT: Evidences Of Aligning Project Based Learning With Various Instructional Strategies For Enhancing Knowledge In Automobile Engineering,2016 International Conference on Learning and Teaching in Computing and Engineering,2016
SCP133.pdf,Evaluation of the CTMTC Methodology for Assessment of Teamwork Competence Development and Acquisition in Higher Education,"P.ZaphirisandA.Ioannou(Eds.):LCT2016,LNCS9753,pp.201–212,2016.",2016
SCP135.pdf,Learning and Collaboration Technologies,Third International Conference on Learning and Collaboration Technologies (LCT 2016),2018
SCP136.pdf,"Methodology for digital interactive products development
for mobile devices, which support learning processes in a
university environment",CLIHC,2015
SCP137.pdf,A Development of Educational Robot Software for Master’s Course Students,WESE,2015
SCP140.pdf,Development of a Video Game that Teaches the Fundamentals of Computer Programming,Proceedings of the IEEE SoutheastCon,2015
SCP142.pdf,Fostering Innovation in Engineering Education in India: A Design Thinking Approach,IEEE,2025
SCP144.pdf,From Hiscore to High Marks: Empirical Study of Teaching Programming Through Gamification,unknown,2015
SCP148.pdf,Enhancing Students’ Motivation to Learn Software Engineering Programming Techniques: A Collaborative and Social Interaction Approach,UAHCI,2015
SCP149.pdf,Learning and Collaboration Technologies,"Second International Conference, LCT 2015 Held as Part of HCI International 2015",2018
SCP150.pdf,Augmented and Virtual Reality,"Second International Conference, AVR 2015",2024
SCP152.pdf,"Project based Learning to Support Enterprise Business Analytics Education
The Role of Cross Functional Groups to Enhance Cognitive Outcomes",In Proceedings of the 7th International Conference on Computer Supported Education (CSEDU-2015),2015
SCP157.pdf,"Design, User Experience, and Usability Theories, Methods, and Tools for Designing the User Experience",HCI International Conference,2014
SCP158.pdf,"STUDENT PERCEPTIONS ON THE USE OF PROJECT
TH
BASED LEARNING TO TEACH HCI TO 4 YEAR IT
STUDENTS","International Conferences Interfaces and Human Computer Interaction 2014, Game and Entertainment Technologies 2014 and Computer Graphics, Visualization, Computer Vision and Image Processing 2014",2014
SCP160.pdf,Learning and Collaboration Technologies,"First International Conference, LCT 2014 Held as Part of HCI International 2014",2018
SCP161.pdf,Learning and Collaboration Technologies Designing and Developing Novel Learning Experiences,"First International Conference, LCT 2014 Held as Part of HCI International 2014",2014
SCP162.pdf,SciSketch: A Tabletop Collaborative Sketching System,"8th International Conference on Tangible, Embedded and Embodied Interaction (TEI’14)",2014
SCP165.pdf,Empowering formative assessment using embedded Web Widgets in Wikis,WikiSym,2013
SCP167.pdf,Technology Enhanced PBL in HCI Education: A Case Study,INTERACT,2013
SCP169.pdf,Designing User Learning Experience in Virtual Worlds: The Young Europeans for Democracy Serious Application,"Advances in Information Systems and Technologies, AISC 206",2013
SCP172.pdf,A PROJECT-BASED LEARNING SETTING TO HUMAN-COMPUTER INTERACTION FOR TEENAGERS,IADIS International Conference on Cognition and Exploratory Learning in Digital Age (CELDA),2012
SCP173.pdf,Constructive scaffolding for accessible PBL,Proceedings of FIE2010,2012
SCP174.pdf,Project-Based learning with a shared editor,2012 IEEE Second International Workshop on Advanced Information Systems for Enterprises,2012
SCP176.pdf,Using Tablet PCs for the Design of Web Educational Environments,In Proceedingsofthe 1st International Workshop on Interaction Design in Educational Environments (IDEE-2012),2016
SCP178.pdf,Employing Virtual Worlds for HCI Education: A Problem-Based Learning Approach,CHI,2012
SCP180.pdf,ICT + PBL = Holistic Learning solution:UTeM’s Experience,International Conference on Software Engineering and Computer System (ICSECS09),2009
SCP181.pdf,Using Project-Based Learning and Collaborative Learning in Software Engineering Talent Cultivation,2011 International Joint Conference of IEEE TrustCom-11/IEEE ICESS-11/FCST-11,2011
SCP183.pdf,Effectiveness of a framed wiki-based learning activity in the context of HCI education,2011 Panhellenic Conference on Informatics,2011
SCP184.pdf,Usability Assessment for a Problem-Based e-Learning Program in Convenience Store New Employee Training,"Proceedings of ED-MEDIA 2009: World Conference on Educational Multimedia, Hypermedia & Telecommunications",2011
SCP185.pdf,An Exploratory Study of Problem-Based Learning in Virtual Worlds,2011 Third International Conference on Games and Virtual Worlds for Serious Applications,2011
SCP186.pdf,2011 Third International Conference on Games and Virtual Worlds for Serious Applications,VS-GAMES,2011
SCP189.pdf,Knowledge-Based and Intelligent Information and Engineering Systems,KES 2010: 14th International Conference on Knowledge-Based and Intelligent Information and Engineering Systems,2011
SCP191.pdf,Adapting Engineering Education to Resource-Constrained Middle Schools: Teaching Methodologies and Computing Technologies,2010 17th IEEE International Conference and Workshops on Engineering of Computer-Based Systems,2010
SCP192.pdf,A Study on Project Based Learning Approach for Motion Graphics Visualization,Conference Paper,2020
SCP193.pdf,Alcomputerized of Assessment Technique in Problem-based Learning (PBL) for Teaching Human Computer Interaction (HCI): Case Study on User Interface Design,2009 International Conference on Information and Multimedia Technology,2009
SCP194.pdf,Development of Interactive Multimedia Courseware Using Problem Based Learning for Mathematics Form 4 (PBL MathS-Set),Proceedings of 1st International Malaysian Educational Technology Convention,2008
SCP198.pdf,Project-Based Learning applied to a Master in HCI,Conference’04,2008
SCP200.pdf,PICTIOL: A case study in participatory design,OZCHI,2025
SCP203.pdf,ParIS – Visualizing Ideas and Information in a Resource-Based Learning Scenario,"Knowledge and Information Visualization, LNCS 3426",2005
SCP205.pdf,Making a Case for HCI: Comparing Materials for Case-Based Teaching,34th ASEE/IEEE Frontiers in Education Conference,2004
SCP210.pdf,A Problem-based Interface Desigri and Programming Course,SIGCSE,2024
SPR055.pdf,"Human-Computer Interaction Theory, Methods and Tools",Lecture Notes in Computer Science,2019
SPR073.pdf,Human-Computer Interaction,"7th Iberoamerican Workshop, HCI-COLLAB 2021",2015
SPR109.pdf,A Teaching Experience of the Human-Computer Interaction Course in a Master Program,AHFE,2019
SPR124.pdf,Blended Learning Engaging Students in the New Normal Era,"15th International Conference, ICBL 2022",2022
SPR132.pdf,Human-Computer Interaction – INTERACT 2021,INTERACT 2021,2021
SPR138.pdf,Learning and Collaboration Technologies Games and Virtual Environments for Learning,"8th International Conference, LCT 2021 Held as Part of the 23rd HCI International Conference, HCII 2021",2021
SPR140.pdf,HCI International 2020 – Late Breaking Posters,Communications in Computer and Information Science 1294,2020
SPR143.pdf,"Let’s Talk About Tools and Approaches
for Teaching HCI",HCII,2019
SPR145.pdf,Proceedings of the 21st Congress of the International Ergonomics Association (IEA 2021),Lecture Notes in Networks and Systems,2021
SPR152.pdf,"Social Computing and Social Media Design, User Experience and Impact","14th International Conference, SCSM 2022",2022
SPR156.pdf,Computer Supported Education,Communications in Computer and Information Science,2023
SPR159.pdf,"Advances in Human Factors in Training, Education, and Learning Sciences",Advances in Intelligent Systems and Computing,2020
SPR162.pdf,Learning and Collaboration Technologies,"9th International Conference, LCT 2022",2018
SPR165.pdf,"Advances in Human Factors in Training, Education, and Learning Sciences",Lecture Notes in Networks and Systems,2021
SPR170.pdf,Human-Computer Interaction – INTERACT 2021 18th IFIP TC 13 International Conference,INTERACT 2021,2021
SPR171.pdf,Applying a UCD Framework for ATM Interfaces on the Design of QR Withdrawal: A Case Study,"9th International Conference, DUXU 2020",2020
SPR173.pdf,Learning and Collaboration Technologies Human and Technology Ecosystems,"7th International Conference, LCT 2020 Held as Part of the 22nd HCI International Conference, HCII 2020",2020
SPR178.pdf,Transforming Learning with Meaningful Technologies,"European Conference on Technology Enhanced Learning, EC-TEL",2019
SPR179.pdf,Universal Access in Human-Computer Interaction Applications and Practice,"14th International Conference, UAHCI 2020 Held as Part of the 22nd HCI International Conference, HCII 2020",2020
SPR181.pdf,Virtual Reality and Augmented Reality,"EuroVR International Conference, EuroVR",2018
SPR183.pdf,"Design, User Experience, and Usability","8th International Conference, DUXU",2024
SPR185.pdf,Computer Supported Education,Communications in Computer and Information Science,2023
SPR186.pdf,Brain Function Assessment in Learning,"Second International Conference, BFAL",2017
SPR189.pdf,Serious Games,"Joint International Conference, JCSG",2023
SPR193.pdf,HCI International 2019 – Late Breaking Posters,Communications in Computer and Information Science,2019
SPR195.pdf,"Improving STEM Learning Experience
in Primary School by Using NEWTON
Project Innovative Technologies",CSEDU,2018
SPR197.pdf,Entertainment Computing and Serious Games,"First IFIP TC 14 Joint International Conference, ICEC-JCSG",2016
SPR199.pdf,Designing Design Resources: From Contents to Tools,HCII,2019
SPR201.pdf,Universal Access in Human-Computer Interaction,Lecture Notes in Computer Science,2023
SPR202.pdf,Second Cycle Education Program in Virtual Ergonomics and Design,"IEA 2018, AISC 824",2018
SPR205.pdf,"A Generalized Pedagogical Framework
for Creating Mixed-Mode Role-Play
in Multi-User Virtual Environments",iLRN2019,2019
SPR206.pdf,Universal Access in Human-Computer Interaction,Lecture Notes in Computer Science,2023
SPR207.pdf,"Virtual, Augmented and Mixed Reality Multimodal Interaction","11th International Conference, VAMR 2019",2019
SPR210.pdf,Drawing the “Big Picture” Concerning Digital 3D Technologies for Humanities Research and Education,iConference 2018,2018
SPR212.pdf,Ergonomic Evaluation of Human-Computer Interfaces Through the Ergonomic Aspects of Scarpin and Bastien,"Advances in Ergonomics in Design, Advances in Intelligent Systems and Computing 588",2017
SPR214.pdf,"Quiz-R-Us – Re-Conceptualizing Quizzes
to Enrich Blended Learning in Occupational
Therapy Study Lines","LCT2018, LNCS10925",2018
SPR219.pdf,Preliminary Study of JunoBlock: Marker-Based Augmented Reality for Geometry Educational Tool,i-USEr,2018
SPR220.pdf,A Study on the Usability of Multimedia E-Books with Problem-Based Learning (PBL) Model in Junior High School Students’ English Classes,Lecture Notes in Computer Science,2017
SPR221.pdf,Analysis of Emotion and Cultural Background on Affective Design Process,"Advances in Affective and Pleasurable Design, Advances in Intelligent Systems and Computing",2017
SPR224.pdf,Agile Development in Software Engineering Instruction,WCCE,2017
SPR227.pdf,Using Prototyping in Authentic Learning of Human-Centred Design of Mobile Apps,DUXU,2017
SPR228.pdf,DISCOVER-ing Beyond OpenSim; Immersive Learning for Carers of the Elderly in the VR/AR era,iLRN,2017
SPR230.pdf,Mixed Method Assessment for BIM Implementation in the AEC Curriculum,LCT,2016
SPR231.pdf,Purposive Game Production in Educational Setup: Investigating Team Collaboration in Virtual Reality,HCIIPosters,2017
SPR232.pdf,SAwD - Socially Aware Design: An Organizational Semiotics-Based CASE Tool to Support Early Design Activities,ICISO,2016
SPR234.pdf,Collaboration Technologies and Social Computing,Communications in Computer and Information Science,2016
SPR235.pdf,Augmented Reality-Based Simulations Embedded in Problem Based Learning Courses,EC-TEL,2015
SPR237.pdf,Supporting Collaborative Serious Game Studies Online,GALA 2015,2015
SPR238.pdf,"Interaction Design of Digital Teaching Improves Teaching
and Learning Effectiveness",UAHCI,2015
SPR241.pdf,"An Interactive Case-Based Flip Learning Tool
for Medical Education",ICOST,2015
SPR242.pdf,Learning and Collaboration Technologies,"Second International Conference, LCT 2015",2018
SPR243.pdf,Entertainment Computing – ICEC 2015,International Conference on Entertainment Computing (ICEC),2015
SPR244.pdf,Increasing the Quality of Use Case Definition Through a Design Thinking Collaborative Method and an Alternative Hybrid Documentation Style,"P. Zaphiris and A. Ioannou (Eds.): LCT 2016, LNCS 9753, pp. 48–59, 2016.",2016
SPR245.pdf,Design-Based Learning in Classrooms Using Playful Digital Toolkits,IFIP International Federation for Information Processing,2015
SPR247.pdf,An Eye-Tracking Analysis of Spatial Contiguity Effect in Educational Animations,International Conference on Learning and Collaboration Technologies,2015
SPR250.pdf,"Distributed, Ambient, and Pervasive Interactions","Third International Conference on Distributed, Ambient, and Pervasive Interactions (DAPI 2015)",2015
SPR251.pdf,Supporting the Development of Computational Thinking: A Robotic Platform Controlled by Smartphone,"LCT2015, LNCS 9192",2015
SPR256.pdf,Creating Competitive Advantage in IT-Intensive Organizations: A Design Thinking Perspective,HCIB/HCII,2014
SPR258.pdf,Technology Enhanced PBL in HCI Education: A Case Study,INTERACT,2013
SPR259.pdf,Activity Theory as a Design Framework for Collaborative Learning Using Google Applications Technology,"ICWL 2011/2012 Workshops, LNCS 7697",2011
SPR262.pdf,Open Learning and Teaching in Educational Communities,"9th European Conference on Technology Enhanced Learning, EC-TEL",2014
SPR263.pdf,StaticsTutor: Free Body Diagram Tutor for Problem Framing,ITS,2014
SPR264.pdf,Constructivism Based Blended Learning in Higher Education,WSKS,2011
SPR270.pdf,Human-Computer Interaction – INTERACT 2013,INTERACT 2013,2013
SPR272.pdf,21st Century Learning for 21st Century Skills,"7th European Conference on Technology Enhanced Learning, EC-TEL 2012",2012
SPR273.pdf,Recommendation of Learning Objects in an Ubiquitous Learning Environment through an Agent-Based Approach,ViNOrg,2011
SPR275.pdf,21st Century Learning for 21st Century Skills,"7th European Conference on Technology Enhanced Learning, EC-TEL 2012",2012
SPR276.pdf,Intelligent Tutoring Systems,Lecture Notes in Computer Science,2023
SPR278.pdf,"Development of an Interactive Application
for Learning Medical Procedures
and Clinical Decision Making",USAB,2011
SPR279.pdf,Opportunities and Challenges of Formal Instructional Modeling for Web-Based Learning,ICWL,2011
SPR280.pdf,The Best of Both Worlds: Effective Hybrid Learning Designs in Higher Education in Hong Kong,"4th International Conference, ICHL 2011",2011
SPR281.pdf,HCI International 2011 – Posters’ Extended Abstracts,HCI International Conference,2011
SPR283.pdf,The Best of Both Worlds: Effective Hybrid Learning Designs in Higher Education in Hong Kong,"4th International Conference, ICHL 2011",2011
SPR284.pdf,Towards Ubiquitous Learning,Lecture Notes in Computer Science,2024
SPR285.pdf,Capturing Mini Brand Using a Parametric Shape Grammar,"Visual Informatics: Sustaining Research and Innovations Second International Visual Informatics Conference, IVIC 2011",2011
SPR286.pdf,Advances in Web-Based Learning – ICWL 2010,Lecture Notes in Computer Science,2010
SPR288.pdf,"HCI in Work and Learning, Life and Leisure",Lecture Notes in Computer Science,2010
SPR289.pdf,Inductive Design of Maturity Models: Applying the Rasch Algorithm for Design Science Research,DESRIST,2011
SPR290.pdf,Technology Enhanced Learning Quality of Teaching and Educational Reform,Communications in Computer and Information Science,2010
SPR291.pdf,Technology Enhanced Learning Quality of Teaching and Educational Reform,Communications in Computer and Information Science,2010
SPR294.pdf,Advances in Web-Based Learning – ICWL 2010,Lecture Notes in Computer Science,2010
SPR296.pdf,"Educational Complexity: Centrality of Design and
Monitoring of the Experience",USAB,2010
SPR298.pdf,Effective Design and Evaluation of Serious Games: The Case of the e-VITA Project,WSKS,2010
SPR300.pdf,Learning in the Synergy of Multiple Disciplines,"4th European Conference on Technology Enhanced Learning, EC-TEL",2009
SPR301.pdf,Preface - Creativity and HCI: From Experience to Design in Education,Creativity and HCI: From Experience to Design in Education,2007
SPR302.pdf,Preface - Creativity and HCI: From Experience to Design in Education,IFIP International Federation for Information Processing,2007
SPR303.pdf,Thinking Style Diversity and Collaborative Design Learning,PRO-VE 2009,2009
SPR304.pdf,Semantic Web Technologies for the Integration of Learning Tools and Context-Aware Educational Services,ISWC,2009
SPR307.pdf,"Virtual Visualisation Laboratory for Science and
Mathematics Content (Vlab-SMC) with Special
Reference to Teaching and Learning of Chemistry",IVIC,2009
SPR308.pdf,Gamers against All Odds,Lecture Notes in Computer Science,2009
SPR309.pdf,Learning by Playing Game-based Education System Design and Development,"4th International Conference on E-Learning and Games, Edutainment",2009
SPR310.pdf,Learning in the Synergy of Multiple Disciplines,"4th European Conference on Technology Enhanced Learning, EC-TEL",2009
SPR311.pdf,Transdisciplinary Design Approach,"IFIP International Federation for Information Processing, Volume 289; Creativity and HCI: From Experience to Design in Education",2019
SPR313.pdf,Learning in the Synergy of Multiple Disciplines,"4th European Conference on Technology Enhanced Learning, EC-TEL",2009
SPR314.pdf,The Effects of Quest Types and Gaming Motivations on Players’ Knowledge Acquisitions in an Online Role-Playing Game Environment,"Human-Computer Interaction, Part IV, HCII",2009
SPR316.pdf,"IFIP 20th World Computer Congress, Proceedings of the 1st TC 13 Human-Computer Interaction Symposium (HCIS 2008)",IFIP World Computer Congress,2008
SPR318.pdf,Facilitating Education in Prisons,Advances in Blended Learning,2008
SPR319.pdf,VISOLE: An Example of Hybrid Learning,ICHL,2022
SPR324.pdf,Times of Convergence Technologies Across Learning Contexts,"European Conference on Technology Enhanced Learning, EC-TEL",2008
SPR325.pdf,A Domain-Specific-Modeling Approach to Support Scenarios-Based Instructional Design,EC-TEL 2008,2008
SPR326.pdf,Seeing Ethnographically: Teaching ethnography as part of CSCW,ECSCW’07: Proceedings of the Tenth European Conference on Computer Supported Cooperative Work,2007
SPR327.pdf,Creating New Learning Experiences on a Global Scale,EC-TEL 2007,2007
SPR329.pdf,Technologies for E-Learning and Digital Entertainment,Edutainment 2007,2009
SPR334.pdf,Coaching Within a Domain Independent Inquiry Environment,ITS,2006
SPR340.pdf,Designing Mobile Learning Experiences,PCI 2005,2015
SPR346.pdf,Lessons Learned from Authoring for Inquiry Learning: A Tale of Authoring Tool Evolution,ITS 2004,2004
SPR349.pdf,Role-Based Specification of the Behaviour of an Agent for the Interactive Resolution of Mathematical Problems,ITS 2004,2004
SPR350.pdf,Effective E-learning by Use of HCI and Web-Based Workflow Approach,ICWL,2003
SPR353.pdf,Exploring the Foundations of Practicing Online Collaboration,ICWL,2003
SPR363.pdf,Testlt: An Automated Evaluation Tool for Human-Computer Interaction Projects.,Proceedings of the Conference on the Impact of Computers on Design,1993
WOS013.pdf,REVITALIZING USE AND USE CASE ABSTRACTION: A PEDAGOGICAL METHODOLOGY FOR DEVELOPING INNOVATIVE DESIGN THINKING IN NEW MEDIA LITERACY,"International Technology, Education and Development Conference, INTED 2010",2010
WOS014.pdf,Technology Enhanced PBL in HCI Education: A Case Study,14th International Conference on Human-Computer Interaction (INTERACT),2013
WOS018.pdf,Using Project-Based Learning and Collaborative Learning in Software Engineering Talent Cultivation,International Joint Conference of IEEE TrustCom-11/IEEE ICESS-11/FCST-11,2011
WOS019.pdf,Use of a Digital Collaboration Tool for Project Review,eCAADe 38,2013
WOS027.pdf,Combining Two Inspection Methods: Usability Heuristic Evaluation and WCAG Guidelines to Assess e-Commerce Websites,HCI-COLLAB 2021,2021
WOS036.pdf,Systemic Design Thinking in Urban Farming I-STEM Teaching and Learning Module,The 2nd SEA-STEM International Conference 2021,2021
WOS044.pdf,ParIS – Visualizing Ideas and Information in a Resource-Based Learning Scenario,Knowledge and Information Visualization,2005
WOS045.pdf,ANALYSIS OF MUSICAL LEARNING EXPERIENCES THROUGH THE USE OF DIGITAL APPLICATIONS OF STUDENTS IN THE DEGREE IN EARLY CHILDHOOD EDUCATION,INTED2016 Conference,2016
WOS052.pdf,"Making Games, Making Literacy: A Case-Study in Formal Educational Contexts",ECGBL 2018 Proceedings,2014
WOS055.pdf,Towards A Practical Approach to Improve the Interdisciplinary Teaching and Learning Process through M-learning Innovative Projects,IEEE,2019
WOS059.pdf,WIP: Implementing Project Based Learning: Some Challenges from a Requirements Engineering Perspective,IEEE,2018
WOS066.pdf,Software Engineering Interactive e-Learning Mathematical Tool,Information Technology Interfaces (ITI),2007
WOS068.pdf,THE COMPREHENSIVE APPROACH TO STUDENTS IT RESEARCH PROJECTS DEVELOPING,INTED2016 Proceedings,2016
WOS070.pdf,Analyzing the Validity of the Peer Assessment Process in a Project-Based Learning Scenario: Preliminary Results,"24th International Conference on System Theory, Control and Computing (ICSTCC)",2020
WOS073.pdf,A discipline about Human Factors Engineering and Usability applied to Medical Devices for under graduation courses using Active Learning techniques,IFMBE Proceedings,2015
WOS077.pdf,Shelves: A User-Defined Block Management Tool for Visual Programming Languages,INTERACT 2017,2017
